objectid,aqi,x,y
1,35,98.98782939,18.79284748
2,20,98.9886877,18.79114112
3,28,98.99315089,18.78780959
4,36,98.99958819,18.78561563
5,40,98.99315089,18.78293408
7,32,98.97006244,18.78106509
8,28,98.9766714,18.78106509
9,38,98.99546832,18.7725325
10,35,99.00387973,18.77716453
11,27,99.00448054,18.79788522
12,42,98.98671359,18.80479154
